{
  "publicPath": "/dist/",
  "all": [
    "1.f89ffee579c0535bf913.js",
    "1.f89ffee579c0535bf913.js.map",
    "2.776926362c4c4a3ba973.js",
    "2.776926362c4c4a3ba973.js.map",
    "3.ca8b89b7c8e02bb85b7b.js",
    "3.ca8b89b7c8e02bb85b7b.js.map",
    "app.4eed845a5ef7f79b04bb.js",
    "app.4eed845a5ef7f79b04bb.js.map"
  ],
  "initial": [
    "app.4eed845a5ef7f79b04bb.js"
  ],
  "async": [
    "1.f89ffee579c0535bf913.js",
    "2.776926362c4c4a3ba973.js",
    "3.ca8b89b7c8e02bb85b7b.js"
  ],
  "modules": {
    "bc00d5b4": [
      6,
      7
    ],
    "78febe1a": [
      6,
      7
    ],
    "4437b679": [
      6,
      7
    ],
    "993763a2": [
      6,
      7
    ],
    "7c199845": [
      6,
      7
    ],
    "3944d0b4": [
      6,
      7
    ],
    "0d9065bf": [
      6,
      7
    ],
    "2390dcc3": [
      6,
      7
    ],
    "5a9f7442": [
      6,
      7
    ],
    "d966635e": [
      6,
      7
    ],
    "5a9c68e5": [
      6,
      7
    ],
    "7b99558d": [
      6,
      7
    ],
    "0afc1c68": [
      6,
      7
    ],
    "78fecb0c": [
      6,
      7
    ],
    "6c94488a": [
      6,
      7
    ],
    "7052efd1": [
      6,
      7
    ],
    "435487a4": [
      6,
      7
    ],
    "38b17c51": [
      6,
      7
    ],
    "e6fcbb24": [
      6,
      7
    ],
    "5e960932": [
      6,
      7
    ],
    "19bec27e": [
      6,
      7
    ],
    "57f83b1a": [
      6,
      7
    ],
    "582b4741": [
      6,
      7
    ],
    "280f87fe": [
      6,
      7
    ],
    "119787dc": [
      6,
      7
    ],
    "799beaff": [
      6,
      7
    ],
    "6a47521e": [
      6,
      7
    ],
    "54c1c6e9": [
      6,
      7
    ],
    "67ab124f": [
      6,
      7
    ],
    "316c6700": [
      6,
      7
    ],
    "108c03f2": [
      6,
      7
    ],
    "795aa780": [
      6,
      7
    ],
    "9529c7ea": [
      6,
      7
    ],
    "f755ca26": [
      6,
      7
    ],
    "68768b9d": [
      6,
      7
    ],
    "f9795f82": [
      6,
      7
    ],
    "5fdc4e3a": [
      6,
      7
    ],
    "0a99158d": [
      6,
      7
    ],
    "319b239f": [
      6,
      7
    ],
    "e676d9c6": [
      0,
      1
    ],
    "8777e0be": [
      4,
      5
    ],
    "f6e85632": [
      0,
      1
    ],
    "4f3fc228": [
      2,
      3
    ]
  }
}